<?xml version="1.0" encoding="UTF-8" ?>
<!DOCTYPE log4j:configuration SYSTEM "log4j.dtd">
<log4j:configuration>

    <appender name="bulkES" class="ru.diasoft.commons.logging.log4j.esappender.ElasticFileAppender">
        <param name="capacity" value="100"/>
        <param name="logDirectory" value="ESlog"/>
        <param name="eventThreadCount" value="10"/>
        <param name="eventSleepTime" value="0"/>
        <param name="saveThreadCount" value="10"/>
        <param name="saveSleepTime" value="0"/>
        <param name="messageLength" value="32700"/>
        <param name="usableSpaceLimitPrc" value="10"/>
    </appender>

    <appender name="file" class="org.apache.log4j.RollingFileAppender">
        <param name="File" value="fttpbankadtws.log" />
        <param name="Append" value="true"/>
        <param name="MaxFileSize" value="10MB"/>
        <param name="MaxBackupIndex" value="4"/>
        <param name="Encoding" value="Cp1251"/>
        <layout class="org.apache.log4j.PatternLayout">
            <param name="ConversionPattern"
                value="%d{dd MMM yyyy HH:mm:ss.SSS} [%p] [%t] [%c] - %m%n" />
        </layout>
    </appender>

    <appender name="console" class="org.apache.log4j.ConsoleAppender">
        <param name="Encoding" value="Cp866"/>
        <layout class="org.apache.log4j.PatternLayout">
            <param name="ConversionPattern"
                value="%d{HH:mm:ss.SS} [%p] [%c] - %m%n" />
        </layout>
    </appender>

    <logger name="org.apache.cayenne">
        <level value="DEBUG"/> 
    </logger>
  
    <logger name="ru.diasoft.flextera">
        <level value="DEBUG"/> 
    </logger>

    <root>
        <priority value="DEBUG"/>
        <appender-ref ref="console" />
        <appender-ref ref="file" />
        <appender-ref ref="bulkES" />
    </root>

</log4j:configuration>
